name,birthdate,email,address,phone_number
Deborah_Villegas,1963-09-25,leestephanie@example.net,"263_Barrett_Center_Apt._540_South_Joshua,_MP_69310",700-413-4863
Andrea_Walls,1956-09-23,lgarcia@example.net,"4226_Brad_Mills_Crystalport,_CO_67497",001-489-385-3365x5223
Michael_Smith,1982-03-03,ncrawford@example.com,"909_Joel_Junction_Jamesshire,_OH_81943",+1-751-936-2432
Paul_Vazquez,1991-07-14,thompsonwillie@example.org,"3603_Mcclain_Circles_Apt._231_Millerfort,_MS_29637",5144353463
Andrew_Hernandez,1991-11-26,christinebaldwin@example.net,"627_Jose_Plain_South_Kylechester,_AK_16141",(346)819-2081x283
Jordan_Juarez,1982-05-10,crystaljones@example.org,"2434_Allen_Pike_Apt._549_Vasquezberg,_VT_35956",847.278.6582
Gary_Morrow,1972-06-12,mitchelllee@example.com,"8300_Mary_Tunnel_South_Kevin,_NE_34952",001-451-325-6237x7317
Gerald_Humphrey,1971-03-26,hernandezlori@example.net,"97396_Hernandez_Crescent_Port_Stephen,_AS_72482",+1-620-940-7109x85295
James_Jones,1965-07-02,fmorris@example.com,"5510_Becker_Trail_Apt._819_Mcconnellstad,_CA_51668",656.321.2949x00567
Kristina_Wells,1993-02-12,nodonnell@example.org,"002_Sexton_Harbors_Jennifermouth,_TN_73487",(814)776-8271
Steven_Johnson,1950-12-21,rebecca20@example.org,"406_Hughes_Shoals_Suite_214_Lake_Dianeville,_KS_60633",731.580.0846x10514
Casey_Bailey,1993-02-21,robbinsmeghan@example.com,"900_Christopher_Tunnel_Andreaport,_WY_29090",993.647.4090x1998
Summer_Wright,1952-02-27,alicia95@example.com,"5858_Turner_Crossroad_Suite_602_Port_Brandon,_DE_48485",+1-740-790-4914
Steven_Bowers,1999-04-20,raymondlin@example.net,"207_Thomas_Meadows_Garrisonbury,_CT_30590",672.973.3887x1821
Deborah_Frazier,2003-11-04,jbaker@example.com,"591_Cooper_Mills_Medinaview,_MS_11987",+1-696-887-2344x46143
Kyle_Smith,1979-06-24,vbarr@example.com,"6665_Payne_Brook_Apt._230_East_Danaborough,_SD_00792",317-341-5844
Michael_Brown,2001-01-17,kathrynyoung@example.com,"16169_Oneal_Viaduct_Apt._489_Williamshaven,_KY_91311",7708343315
Samantha_Smith,1962-08-27,jennycook@example.net,"253_David_Causeway_Suite_506_Floresborough,_PR_26801",841.662.3425x90360
Jeremy_Sullivan,1979-02-13,finleystephen@example.net,"361_Desiree_Track_Lake_Edward,_CT_55386",+1-459-630-0652
Lisa_Rodriguez,1995-07-07,stephenslori@example.com,"238_Richard_Lights_South_Virginia,_RI_69974",509-699-0063
Jennifer_Williams,1979-05-30,chadgomez@example.net,"859_Tran_Springs_Apt._170_Bergerchester,_AK_49019",6635057380
Steven_Howell,1950-10-20,kelly16@example.org,"7866_Henry_Overpass_Margaretberg,_TN_74347",322-515-3174x71503
Jessica_Robinson,1980-12-11,robertroberts@example.com,"4377_Scott_Route_Davisborough,_FM_53373",491.992.2065x84822
Wendy_Miller,1984-03-19,jonesdavid@example.com,"2892_Daniel_Mountains_Lake_Brandon,_MO_73493",001-547-202-0568x541
Dr._Mark_Moore,1990-03-01,heather94@example.net,"3548_Conway_Trail_Apt._880_East_Arthur,_OH_09161",001-315-481-8588x657
Brent_Rivera,1982-03-12,tylerbrown@example.net,"659_Harding_Way_North_Jessica,_IN_66088",(568)797-8196x77470
David_Jackson,1987-02-13,tpage@example.com,"824_Tracy_Rest_Apt._440_North_Theresaport,_IL_72876",806.329.8065x81397
Danny_Coleman,1946-12-13,perrydawn@example.net,"21516_James_Station_Suite_280_Drewborough,_UT_47376",(606)406-5789
Donna_Bender,1955-10-15,johnsonmatthew@example.org,"6515_Burns_Plains_Apt._096_North_Richardview,_VT_30113",511-250-1894
Julie_Griffin,1968-04-28,justin12@example.com,"026_Samantha_Row_Apt._594_East_Karenmouth,_TN_99127",260.999.1060
Nicole_Hughes,1949-12-05,nthomas@example.com,"31120_Adam_Plaza_Lake_Dorothyview,_PA_33356",(677)837-6241x7944
Robert_Anderson,1972-10-18,sbowman@example.net,"2591_Darin_Village_New_Michaelberg,_MN_44423",795-571-8861x06272
Timothy_Lopez,1998-09-07,david06@example.com,"2112_Thomas_Road_Catherinebury,_WI_43066",(625)824-6477x957
Justin_Payne,1961-05-08,danielhamilton@example.org,"36055_Powers_Place_Cooperton,_MN_07626",(970)858-7609x0318
Karen_Page,2005-02-28,rickey46@example.net,Unit_0787_Box_1916_DPO_AE_40201,(673)299-1735
Michael_Yu,2005-01-11,fsnyder@example.com,"29683_Baker_Trace_Apt._288_Batesmouth,_WA_98455",+1-803-668-7047
James_Skinner,1994-04-02,jamie42@example.org,"36448_Julia_Greens_Suite_561_Mathismouth,_VA_80166",621-758-0265
Carol_Fox,2004-05-17,caitlynshepherd@example.net,"41245_Smith_Plains_New_Kenneth,_FM_05779",001-973-332-4410x33639
Carlos_Anderson,1981-02-16,samuel22@example.org,"96410_Susan_Isle_Suite_283_Port_Justinburgh,_NH_14692",420-501-3878x954
Rhonda_Bush,1984-08-05,princeshirley@example.com,"4364_Reeves_Stream_Gutierrezberg,_IA_32904",+1-514-840-6208x3364
Stacy_Lucas,1948-10-20,malexander@example.org,"37560_Lewis_Cliffs_Suite_546_Joneschester,_MA_17325",(319)406-9631x93276
Anthony_Torres,1956-10-07,gina50@example.com,"86178_Sharp_Corners_Port_Timothyside,_GA_62243",+1-829-964-2691x1539
Jason_Lee,1979-02-04,davidperkins@example.org,"644_Jonathan_Isle_South_Gary,_TX_12575",265.919.4418
Mandy_Moore,1953-06-01,williamwood@example.net,"57397_Robert_Union_Suite_801_West_Erinhaven,_AL_65985",(846)278-9375x4239
Kayla_Wong,1971-02-13,lcarpenter@example.net,"8523_Vicki_Radial_Suite_570_North_Alyssa,_ND_95432",437.815.9533
Lori_Bruce,1998-08-05,jasoncampbell@example.org,"5782_Martinez_Circle_Suite_252_West_Bryce,_MH_85637",277-372-0314x7299
Patrick_Mcgee,1995-02-05,ariel01@example.net,"172_Jackson_Neck_Suite_389_Shanemouth,_MO_73660",3697357870
Benjamin_Foster,1986-05-12,christinalarsen@example.org,"PSC_2862,_Box_5074_APO_AP_68386",690-360-2810
Patrick_Collins,1953-11-09,ekemp@example.com,"297_Spence_Inlet_Kennethmouth,_TN_56127",+1-235-702-2390x2019
Paul_Lee,1948-04-29,walshamanda@example.com,"869_Christopher_Motorway_Apt._908_Maureenmouth,_UT_10767",+1-779-368-4948x396
Debbie_Morales,1943-05-09,tim39@example.org,"197_Victor_Gateway_Apt._995_Port_Seanfurt,_NH_95202",(816)648-1237
Rachael_Esparza,1966-04-12,ccampbell@example.com,"7928_Diaz_Wells_Campbellstad,_MH_58125",426-433-2851
Jamie_Gill,1995-05-06,heather03@example.org,"511_Mcclure_Meadows_Suite_833_South_Jillian,_OK_80932",001-957-669-5406x53364
Louis_Sharp,1979-01-02,kathybrady@example.org,"9145_Reid_Creek_Suite_713_Taylormouth,_MI_46996",431-350-3642x800
David_Gray,1994-06-30,dpollard@example.net,"9422_Fisher_Valleys_Port_Stephen,_KY_67716",+1-972-554-9769x70903
Tina_Rios,1986-07-29,higginsrodney@example.net,"260_Decker_Flats_Deborahhaven,_IN_76534",+1-651-449-4430x33567
Fernando_Williams,1958-05-27,amy26@example.net,"73983_Berg_Overpass_Sawyerton,_ME_01337",872.263.7804
Kevin_Ramirez,1943-04-20,robertsonlisa@example.net,Unit_5850_Box_3285_DPO_AE_91862,221.500.2910
Danielle_Parker,1967-05-17,zholt@example.org,"9294_Wendy_Prairie_Suite_044_New_Gregoryberg,_OK_29519",606-353-7200x181
Christopher_Ellis,1998-04-30,jonesmelissa@example.net,"13233_Turner_Views_Smithport,_CT_88055",001-853-783-7140x39650
James_Wallace,1983-05-04,paul79@example.org,"940_Smith_Forest_East_Kylechester,_NM_90779",(865)671-0229
Dr._Connie_Harrell,1993-12-13,amberroth@example.com,"24046_Wallace_Port_Suite_905_West_Brendamouth,_MS_18495",6322849468
Sharon_Rosales,1988-10-21,julie20@example.com,"37397_Adrian_Tunnel_Apt._995_Parkshaven,_NV_38420",001-222-860-8971
Michelle_Jones,1967-06-13,zharris@example.org,"15397_Mitchell_Hollow_Milestown,_IN_16546",(748)458-2044
Ana_Harrison,1972-10-13,morrisonryan@example.com,"0063_Knox_Mall_Suite_573_Brandyland,_GU_54605",972.409.5845x790
Elizabeth_Adkins,1991-10-16,christinahernandez@example.org,"2941_Smith_Trail_South_Nathaniel,_LA_11744",885-341-6981x73019
Amy_Russell,1989-04-20,kelsey40@example.net,"40056_Matthew_Burg_West_Brianfort,_VA_31257",431.489.9838x7505
Natalie_Smith,2001-08-20,arnoldjared@example.net,"1117_Lopez_Pines_Apt._895_East_Michael,_ND_35836",+1-525-538-0845x9129
Christopher_Miller,1961-11-22,jordansteele@example.net,"4842_Jeremy_Courts_New_Jeffrey,_DC_10258",668.889.1374x090
Heather_Mercado,1993-10-31,uestrada@example.org,"7874_Roth_Station_Port_Anthonyshire,_AL_03896",001-313-473-8320x86377
Michael_Crosby,1978-07-13,browngeorge@example.com,"0527_Kent_Stravenue_Watkinstown,_IL_19985",453-351-6527x08440
Christopher_Snyder,2005-06-19,stephanie51@example.net,"355_Potter_Brooks_Suite_779_Lake_Crystalton,_MN_01475",9523813038
Janice_Hill,1954-05-25,kosborne@example.org,"2068_Molina_Neck_South_Michaelville,_KS_74630",379.947.8135x99653
Sarah_Wolfe,2005-07-08,davismaureen@example.net,"6864_Bryant_Turnpike_Apt._691_East_Shaneport,_AS_78441",001-923-878-1190x127
Frank_Wilson,1956-08-30,uhenry@example.com,"32786_Scott_Isle_Apt._586_Turnerbury,_MS_26132",535.358.8643x3685
Bonnie_Blake,1942-12-18,scottmichelle@example.net,"30541_Stephanie_Greens_Hannahfort,_AR_70091",406.531.6144x878
Jonathan_Chavez,1988-12-28,dguzman@example.net,"2028_William_Via_Brianmouth,_ND_77686",982.842.5781
Grace_Robinson,1959-09-28,djuarez@example.com,"655_Diane_Roads_Jonathanton,_CT_76515",001-711-963-7704x62370
Jason_Morales,1989-10-22,ashley02@example.com,"71615_Kimberly_Common_Apt._487_Millerburgh,_OK_54651",001-745-716-1674x97946
Lindsay_Davis,1975-01-06,charleschapman@example.com,"435_Preston_Course_South_Tanner,_GA_95569",841-495-8841
Alan_Deleon,1996-09-05,sara70@example.com,"43758_Keller_Orchard_Nguyenshire,_WI_57160",(965)703-9222x715
Charles_Osborn,1945-05-03,lboyd@example.net,"31119_Vaughan_Drives_Suite_675_Lake_Bruceshire,_FM_49867",(481)543-3439x05101
Christopher_Wolf,1985-12-28,ronald86@example.net,"53656_Stephanie_Inlet_New_Carriebury,_MT_92314",635.499.5754
Jordan_Gonzalez,1984-11-06,alexissmith@example.com,"794_Reed_Pine_Apt._518_Port_Stacystad,_AS_32367",+1-758-721-8575x56152
Katrina_Owens,1947-09-07,colekenneth@example.com,"9395_Wang_Tunnel_West_Rhondaton,_KY_22163",268-552-3265
Aaron_Brown,1966-05-12,elainesummers@example.org,"58728_Combs_Glen_Suite_600_North_Gloria,_PR_89950",(936)336-0636x616
Alyssa_Strickland_MD,1952-03-23,jasongriffin@example.org,"08288_Howard_Heights_Suite_838_East_Adammouth,_NE_31210",254-324-5896x5715
Jerry_Garcia,1967-08-27,crystal81@example.com,"PSC_6503,_Box_9806_APO_AE_16973",4959145993
Stephanie_Rivers,1963-11-11,carrollshawn@example.org,"8095_William_Run_Suite_792_Williamborough,_NE_89524",703.259.8007x103
Christine_Cook,1966-06-01,ksmith@example.com,"375_Moore_Crossroad_Apt._980_West_Keith,_MN_74485",(793)253-9098x12537
Marie_Hardin,1967-03-01,becky32@example.net,Unit_2727_Box_2920_DPO_AE_45173,786-856-4117
Daniel_Carr,1945-04-30,imassey@example.com,"PSC_5644,_Box_8693_APO_AE_01066",3725552586
Melanie_Burke,1966-01-08,oscarjones@example.com,"2557_Belinda_Cape_Apt._144_Samuelchester,_PW_64095",287-641-3591x67166
Jack_Lutz,1998-07-01,derrick78@example.com,"29595_Taylor_Villages_Laurabury,_OR_12473",+1-509-457-0372x287
Kenneth_Clayton,1962-08-12,catherineedwards@example.org,"55232_Martinez_Squares_Suite_424_Michaelville,_HI_20305",740.257.1147
Christine_Howard,1985-12-18,kingdonald@example.net,"68291_Elizabeth_Keys_Suite_633_New_Robert,_HI_19601",412-636-0181x55401
Carlos_Powell,1998-08-24,winterskathleen@example.org,"22616_Thomas_Rapids_North_Jenniferstad,_LA_45723",+1-555-461-4483x6675
Michelle_Harrison,1950-11-18,lisa38@example.org,"97127_Kevin_Stream_West_Sara,_MP_59545",+1-448-397-0205x6214
Bruce_Lewis,1962-12-28,bmooney@example.com,"861_Ronald_Road_New_Nicholas,_GU_41502",+1-487-364-9790x26015
Alison_Bartlett,2000-10-20,lgaines@example.com,"PSC_5788,_Box_7392_APO_AP_77846",(920)269-4264
Tracie_Poole,1995-12-25,zlowery@example.net,"06938_Jorge_Vista_Apt._512_North_Jamesberg,_GU_49818",+1-243-248-1479x72827
Thomas_Mclaughlin,2000-02-21,dominiqueevans@example.net,"3929_Melissa_Islands_Apt._106_North_Jessica,_SD_04194",9354268593
Steven_Mcfarland,1979-01-03,troy73@example.org,"63569_Tracy_Canyon_Suite_126_West_Brandy,_IL_15761",+1-626-863-6927
Amy_Hines,1973-02-06,christopher66@example.org,"142_Holly_Roads_Apt._536_Louisberg,_CT_56099",001-918-732-1805
Jonathan_Hamilton_DVM,1983-09-25,nathancooke@example.org,"92678_Vanessa_Rue_Suite_324_East_Blaketown,_WA_16994",865-688-1577x6119
Kevin_Morgan,1957-02-12,jenniferjohnson@example.org,"632_Terri_Mill_Apt._060_South_Ericview,_AL_31398",001-522-306-4120x525
Michelle_Alvarez,1976-05-07,jenniferpena@example.net,"5134_Stein_Views_East_Martin,_DC_76407",001-975-562-2824x1040
Christopher_Baker,1962-09-21,rwilliams@example.net,"03605_Paula_Ford_Apt._474_Bethanyland,_NC_57691",685.422.7202
David_West,1976-03-26,kthompson@example.net,"60492_Kevin_Locks_New_Williamhaven,_IA_88279",418.322.5337x1853
Adam_Cummings,1993-05-09,alexis94@example.net,"394_Craig_Glen_Suite_871_East_Stacey,_MT_89219",001-907-295-6574x673
Marilyn_Solis,1962-05-28,mitchellrodney@example.net,"022_Lin_Place_Apt._139_North_Emmastad,_VT_34295",001-682-345-9692x18827
Paige_Hudson,1950-04-05,adriana46@example.net,"98508_Donaldson_Locks_West_Kimberlyfurt,_IN_06375",951-874-8679
Aaron_Taylor,1964-02-01,williamgeorge@example.net,"PSC_6970,_Box_2785_APO_AE_86977",(833)307-2649x994
Christian_Baker,1978-11-25,johnnyramos@example.com,"8027_Carlson_Meadows_New_Paul,_LA_36023",(712)633-4200x07014
Eric_Harrington,1952-10-01,gmyers@example.net,"329_Sherri_Squares_New_Audrey,_IN_39903",001-320-386-0228x59597
Alicia_Holt,1972-09-17,karenking@example.com,"689_Simon_Courts_Suite_073_Summerfurt,_MT_90600",337-807-0669
Tyler_Ramirez,1960-05-29,cynthiathomas@example.com,"0520_Carson_Squares_Ericmouth,_NC_99165",+1-844-512-4915x58250
Richard_White,1973-10-26,efoster@example.net,"865_Rivera_Drives_Wendyfort,_FM_57987",661.369.3145x294
Luis_Kennedy,1981-08-02,greerandrew@example.net,"PSC_5683,_Box_7807_APO_AA_78779",001-808-930-8147x41592
Mitchell_Foster,1975-09-05,underwooddale@example.com,"320_Ashley_Causeway_West_Debraland,_ND_28656",(466)769-1776x9565
Brandon_Montoya,1951-09-29,johnsondaniel@example.org,"69713_Rojas_Drives_Apt._602_New_Sylviafort,_MH_06051",001-667-296-6325x99070
Robin_Lopez,1993-04-13,davislisa@example.net,"9071_Fleming_Light_Suite_975_Staffordberg,_DC_37044",887.866.3075x39025
Ricky_Gray,1962-04-19,theresamcdonald@example.org,USS_Jordan_FPO_AA_51335,(341)591-1204
Amanda_Lowe,1957-08-17,hwatson@example.org,"483_Cruz_Circle_Apt._500_North_Annetteside,_PR_39538",(921)925-7066x20231
Marie_Russo,1990-10-25,nicholaslam@example.com,"49609_Freeman_Highway_Apt._900_North_Leeport,_ME_19298",+1-621-865-0848x57461
Michael_Rodriguez,1956-06-02,caleb46@example.org,"580_Smith_Island_Port_Williamton,_NJ_75248",692-428-2331x548
Lynn_Novak,1982-06-12,jacob21@example.org,"60507_Perez_Groves_Suite_180_Davidchester,_OK_21192",432-285-5707x47148
John_Young,2001-03-13,awilliams@example.com,"7438_Thomas_Manors_Suite_839_Hendricksview,_WI_54438",419-928-8188x9838
Kristin_Salas,1996-02-02,ucarter@example.org,"1141_Jennifer_Dam_South_Bryan,_KS_60522",585-430-8188
Paul_Norton,1998-03-13,patriciagolden@example.com,"874_Brandon_Brook_Suite_874_East_Dylan,_WA_97829",001-475-302-1429x34754
Jeremiah_Lee,1990-07-11,lisaharvey@example.net,"638_Vaughn_Via_North_Vincent,_AS_37829",606.492.2053x22384
Amanda_Rodriguez,1998-11-29,gellis@example.net,Unit_6136_Box_7856_DPO_AP_00758,4803782194
Mrs._Barbara_Irwin_DVM,1970-07-18,kathleen44@example.com,"383_Tiffany_Pines_Suite_732_New_Joannville,_NY_29725",7468287469
Mark_Cameron,1970-02-09,davisbethany@example.org,"11482_Mary_Key_Apt._129_Carrilloborough,_MP_30290",254.859.0165
Erin_Estrada,1979-02-03,petersenjerry@example.org,"2481_Joshua_Unions_North_Travisshire,_MN_26529",392-511-7412x1457
William_Martinez,1992-08-24,grantjoshua@example.org,"56975_Marsh_Prairie_Macdonaldshire,_MS_04715",925.252.8645x40167
Joann_Marshall,1962-10-08,rachelhoward@example.com,"9643_Smith_Island_Apt._643_Abigailville,_AR_71444",001-971-931-9534
Dylan_Rogers,1958-09-17,vcopeland@example.com,"7216_Jessica_Trail_Apt._731_Lake_Laura,_MO_55110",+1-841-902-2077x9070
David_Jones,1950-11-11,daltonkaylee@example.org,"069_Edward_Ville_Suite_439_Matthewton,_CA_18859",864.419.2853x1222
Susan_Williams,1988-07-19,tbennett@example.net,"501_Oliver_Valley_Suite_034_Carlport,_NJ_83692",543-721-3459x851
Nicholas_Khan,1947-01-26,nicole55@example.net,"7328_Nixon_Mews_New_Sarahburgh,_LA_07574",9682073926
Jennifer_Roberson,1971-02-22,usmith@example.org,"99861_Wang_Ville_Lake_Amy,_DE_32077",001-480-949-9864
James_Mills,1974-09-15,hillheather@example.com,USNV_Maldonado_FPO_AP_89534,489-273-4654x87069
Steven_Quinn,1966-10-28,aalvarez@example.com,"16076_Franco_Row_Palmerfort,_MA_58294",8577899228
Mitchell_Johnson,1953-09-01,tspears@example.com,"102_Jacobs_Fort_Apt._833_Nguyenchester,_VI_74840",+1-718-484-2400x406
Kelly_Holland,1968-08-14,annahester@example.com,"81918_Parker_Causeway_Suite_880_Figueroashire,_OH_60801",646-665-0521
Amanda_Marshall,1968-08-18,bryan64@example.org,"8822_Evans_Divide_Tylermouth,_FL_65783",001-580-673-0444x19791
Melanie_Bates,1981-12-12,orodgers@example.net,"873_Robert_Views_West_Jennifer,_CA_53311",(352)324-4362x288
Joel_Allen,1960-01-10,edwardgriffith@example.net,"17677_Aguilar_Estate_Matthewhaven,_SC_63485",+1-246-690-5383x470
Robert_Silva,1996-05-30,wthomas@example.net,"63434_Christian_Points_Suite_360_North_Nicholasshire,_CT_27019",260-333-2380x2126
Melissa_Oliver,2002-02-04,charlesjohnson@example.net,"95490_Shawn_Pike_Masonville,_WI_75582",6378154363
Sean_Wilson,1987-11-24,gregory37@example.com,"929_Laura_Brooks_Port_Martin,_CA_21703",965-772-0793
Elijah_Reese,1965-09-08,williamsjoseph@example.org,"9449_Lauren_Inlet_Suite_567_Brownville,_PA_73805",+1-531-217-1883x41130
Andrew_Bennett,1948-06-01,pwarren@example.com,"07342_Brandy_Course_Suite_594_Lisaborough,_FL_96623",+1-958-474-3660
Brendan_Marquez,1954-11-17,jacob43@example.com,"06043_Michael_Mill_Suite_923_Lake_Jamestown,_AK_81816",645.510.7348x7675
Carl_Reyes,1992-08-25,robert84@example.org,"4274_Farrell_Street_Suite_326_Princeburgh,_OR_74964",+1-562-513-6902x3790
Daniel_Davis,2005-01-30,hmccoy@example.com,"11413_Willis_Garden_North_Alexistown,_VI_27939",+1-322-434-1902x6440
Joseph_Hernandez,1950-08-04,stephanie16@example.net,"29755_Grant_Dale_East_Michael,_TN_94315",001-252-520-9153x212
Mr._Michael_Rodriguez,1966-06-21,watkinstara@example.net,"3777_Terri_Route_Apt._556_Smithmouth,_OH_43317",(854)544-3667
Robert_Smith,1951-12-11,evansstephanie@example.com,"52574_Maria_Island_East_Stacybury,_PR_30881",469.600.4799
Brian_Park,1998-06-13,dawn59@example.com,"7158_Thomas_Turnpike_Apt._341_Riggsland,_CA_25764",903.211.8388
Carly_Koch,1973-02-04,amitchell@example.org,"069_Ramirez_Lock_Thompsonstad,_WV_55719",875-746-1085
Zachary_Schultz,1990-08-14,susan56@example.net,"06037_Davis_Forges_East_Ruthburgh,_NV_36247",+1-679-633-1386x385
Daniel_Stevenson,1961-07-10,michael80@example.net,"42998_Murillo_Falls_Port_Gabrielleside,_FL_78235",433.421.9669x67357
Jerry_Barnes,2003-12-08,linda99@example.net,"18777_Lucas_Underpass_Smithshire,_HI_56408",568.201.9029x2187
Jay_Santana,2005-08-07,michael30@example.org,"071_Bell_Squares_Lake_Jamesside,_NH_28288",001-715-811-5315x9980
Kimberly_Hutchinson,1951-10-28,allison64@example.com,Unit_0261_Box_0380_DPO_AE_14427,(307)858-6556x8759
Brian_Stanton,1953-12-21,nelsonchristine@example.com,"3718_Wyatt_Junction_Apt._040_West_Hannah,_CT_17649",9476542037
Sheila_Bautista,1944-05-12,hpena@example.org,"599_Martin_Street_Morrisborough,_NY_30657",422.465.5228x671
James_Henry,1983-03-08,charleswatson@example.org,"6569_Pamela_Spurs_Suite_699_Williamsberg,_DC_15519",001-497-965-2863
Meredith_Solis,1984-07-24,katherinejackson@example.com,"83968_Linda_Cove_Grayton,_TX_14249",2597754978
Alexa_Green,1995-11-06,twilliams@example.com,"1944_Lopez_Camp_Jasonton,_WA_05369",+1-214-282-9351x7112
Cheryl_Carrillo,1999-05-02,ugomez@example.com,"314_Bauer_Fork_Suite_302_East_Emily,_SC_34309",(938)257-4820
Timothy_Scott,1954-08-14,gchandler@example.com,"5731_Carlos_Wall_Suite_781_Summersbury,_FM_91446",+1-416-763-5798x229
Dr._Victor_Miller,1972-10-11,padillacolleen@example.com,"12226_Zimmerman_Trace_Lake_Tyronetown,_PW_44500",3682446381
Daniel_Alexander,1996-11-29,leecole@example.org,"88182_Thompson_Flat_Marieview,_FM_09927",789-578-9694
Julie_Gomez,1961-10-01,hcastaneda@example.net,"92789_Daniel_Spurs_South_Samanthaton,_RI_55345",808-668-1300
Rebecca_Byrd,1989-03-27,tglenn@example.net,"6519_Curry_Estate_Suite_790_Santosbury,_FM_25565",+1-493-544-7831x982
Chad_Jones,1950-06-25,bondmary@example.org,"17665_Jaime_Hill_Suite_286_South_Madison,_CA_48002",914-817-0285x80769
Miguel_Smith,1998-05-21,cthomas@example.com,"72100_Pittman_Stravenue_Josephhaven,_WI_84289",357.507.3147x083
Richard_Lane,1954-04-02,lisahunter@example.org,"64259_Robert_Mountain_Apt._676_South_Rebeccatown,_FL_34515",(301)234-4382
Angela_Wade,1998-12-16,bonniehoward@example.org,Unit_9334_Box_8126_DPO_AA_98696,(769)467-4568x1217
Erin_Curry,1952-08-18,karlhoward@example.com,"465_Jeanette_Curve_Yoderfort,_WY_44478",(462)258-5882
Stephen_Lara,1946-11-27,ujohnson@example.org,"9322_Brandon_Spurs_Suite_986_Bradshawhaven,_PR_45645",(595)505-3466x3420
Christina_Gomez,1947-05-12,millerjeffrey@example.com,"429_Dorothy_Ferry_Port_Michaelville,_VI_26504",2679543141
Mrs._Kimberly_Burke_DDS,1986-04-03,jeff33@example.org,"15932_Joshua_Run_Suite_152_Jeanneview,_MI_31194",001-519-278-5150x745
Joshua_Wilcox,1973-04-04,brandonnunez@example.com,"56628_Daniels_Green_Apt._294_Barrettshire,_KS_05189",(831)428-4167
Pamela_Brown,1984-06-24,michaelramos@example.org,"19998_Allison_Tunnel_Watkinschester,_WA_48947",630.210.7032x14634
Richard_Alexander,2001-02-24,michelle29@example.com,"580_Carr_Track_Suite_072_Carlosmouth,_VI_30246",001-650-840-0783x97724
Matthew_Terry,1978-03-18,travisjones@example.org,"07376_Johnson_Road_North_Kelly,_IN_42696",(571)483-1077
Nicholas_Peck,1965-05-26,brownisabella@example.com,USS_Klein_FPO_AE_87368,7359783360
Joshua_Pitts,1944-05-18,andrew01@example.org,"546_Hayes_Fall_Port_Alyssaside,_NV_82650",001-674-345-3848x136
James_Glass,1963-08-08,oliviagonzalez@example.org,"1526_Gordon_Tunnel_Anthonyshire,_OH_81252",001-694-473-5573x6328
Robert_Carroll,2004-10-20,william46@example.org,"38060_Courtney_Turnpike_Debrabury,_PR_50370",908.702.7971x876
Sandra_Mueller,1984-11-24,melissabutler@example.net,"663_Turner_Spur_Pereztown,_PW_33496",(920)966-8613
Sharon_Gonzalez,1960-05-14,michael53@example.net,Unit_9858_Box_0023_DPO_AP_95420,001-823-205-3837
Bradley_Castillo,1959-04-23,hflores@example.org,"PSC_9966,_Box_9328_APO_AE_83392",+1-375-447-9966x9973
Jennifer_Lawrence,1996-08-09,wernervictoria@example.net,"5082_Joel_Harbors_North_Jason,_OH_11440",381.805.3789x8673
Justin_George,1974-09-22,jevans@example.net,"5784_Olson_Valleys_Rochaport,_VA_65522",(723)200-8378x29656
Craig_Ramsey,1964-06-22,xmoreno@example.net,"622_Singleton_Ramp_Suite_622_Lake_Tiffany,_RI_60843",001-811-856-5399
William_Griffin,1994-03-25,fmeadows@example.net,"32254_Wright_Rue_Apt._017_Bradshawshire,_ID_58146",204.342.7047x86524
Thomas_Spencer,1944-10-08,joshuawilliamson@example.com,"79234_Heather_Valleys_Iantown,_MA_97309",266-610-6483
Jimmy_Sanders,1984-03-16,wsandoval@example.net,"568_Estes_Lodge_Lake_Alicia,_NV_84353",+1-625-902-9005
Andrea_Baker,1970-05-21,gmcknight@example.net,"59988_Smith_Terrace_Suite_664_Lake_Angela,_MO_64593",(516)394-3601x66380
Kelli_Chavez,1943-11-25,eugene65@example.com,Unit_2255_Box_9347_DPO_AE_73132,(311)568-2722x65328
John_Solomon,1953-08-12,blankenshiprebekah@example.net,"836_Shelia_Mountains_South_Leestad,_KY_29991",(797)361-3000x187
Joseph_Walsh,1986-10-05,ginastewart@example.net,"08517_Coleman_Rue_Suite_761_Port_Jennifer,_MD_33407",(369)409-8035x902
Sarah_Meyer,1978-04-16,greerkatie@example.com,"83212_Lyons_Grove_North_Kristin,_CO_42018",+1-278-776-6159x162
Amanda_Strickland,1952-06-03,jacksontravis@example.net,"02983_Vanessa_Canyon_Aguilarland,_MD_24148",(328)800-0841x6028
Mark_Morgan,1979-12-02,kperez@example.com,Unit_7616_Box_0757_DPO_AP_30819,669.880.7768x434
Eugene_Navarro,1969-06-21,bjuarez@example.org,"1251_Allison_Inlet_South_Barbaraville,_TN_94012",951-286-5992x642
Jacob_Sherman,1953-06-17,warrenjacqueline@example.net,"12496_Tina_Forks_Apt._850_New_Spencer,_NE_08180",001-219-215-0543x6272
Jacob_Peterson,1992-07-04,smithcarlos@example.org,"256_Hardy_Field_Johnsonmouth,_MO_99603",269.631.0829
Melissa_Walker,2004-02-10,sharon93@example.org,"1231_Villarreal_Port_Apt._298_Port_Karen,_IL_72003",(982)540-5092x2926
Cynthia_Thompson,1970-09-20,kimberly43@example.org,"545_Makayla_Greens_Apt._340_West_Briantown,_NY_74728",+1-267-935-2050
Deanna_Tyler,1955-07-22,wthomas@example.net,"1479_Dennis_Springs_Suite_663_Crosschester,_TX_93933",(737)656-5947
John_Miranda,1977-08-27,andrewlopez@example.net,"3748_Daniels_Drive_Apt._655_New_Evanville,_KS_36559",352-353-4491
Destiny_Baker,1992-11-25,whitesamantha@example.org,"7222_Allen_Common_Suite_308_Sarahside,_MI_63314",001-411-616-5970x9053
Patricia_Farley,1958-05-17,ovaughn@example.net,"406_Powell_Hollow_Brittneyside,_AL_62901",599-725-6843x3075
Mr._Wayne_Wong,1986-06-02,jondelacruz@example.com,"75237_Hendrix_Valleys_Apt._172_Kellyport,_RI_39093",001-200-262-3466x265
Eric_Horn,1980-06-13,whitemark@example.net,"73211_Mark_Fords_Apt._130_Sheppardhaven,_TX_36526",5644447317
Danielle_Evans,1950-04-22,dlopez@example.com,"913_Campbell_Wall_Apt._674_North_Josephfort,_VI_96214",(348)336-6133
Nicole_Camacho,1955-01-07,scohen@example.net,"153_Harmon_Land_Suite_850_Lake_Gavinfort,_IL_21488",634-731-7479x9021
Cesar_Cooper_IV,1986-08-16,fpadilla@example.net,"PSC_0531,_Box_5791_APO_AA_33975",001-528-900-7264x149
James_Parker,1982-10-18,fmcbride@example.com,"138_Harper_Crossing_Apt._226_Port_Nicolasmouth,_FM_12118",001-544-972-6764
John_Bennett,1994-09-13,sosabenjamin@example.net,"758_Dana_Ridges_Apt._926_Chelseastad,_ME_40597",(466)794-0499
Scott_Haynes,1972-06-01,curtis81@example.net,"48740_Heath_Greens_Suite_297_New_Robin,_NH_23587",563.454.0024x70884
Bryan_Lloyd,1972-12-11,shoover@example.net,"65984_Morris_Rue_Apt._926_West_Kristina,_DE_57073",001-546-409-3073x732
Abigail_Phillips,1971-03-22,charles25@example.org,"82881_Jenkins_Rue_Apt._666_Martinfort,_VT_82770",908.626.4069
Leon_Austin,1982-02-09,dianagray@example.com,"7947_Casey_Inlet_Port_Justinfurt,_RI_72048",465.314.3772
Jose_Hernandez_DDS,1982-09-10,imurphy@example.net,"PSC_1818,_Box_1347_APO_AE_13733",+1-903-709-0493x39350
Carmen_Ortiz,1959-02-25,esingh@example.com,"04828_Garcia_Plain_Lake_Christian,_ME_40076",566-374-0819
Jessica_Lewis,1961-11-25,rebecca97@example.com,"884_Burke_Tunnel_Lake_Zacharyburgh,_NY_88316",(802)827-1300x57591
Antonio_Anderson,1953-03-12,bcampbell@example.org,"7352_Anderson_Knoll_Rasmussenberg,_SC_65069",635.454.6272x80169
Melissa_Heath,1943-12-06,samanthalara@example.net,"72465_Crawford_Station_Apt._504_Angelaborough,_ME_40078",495.547.8841
Angel_Turner,1998-02-24,martineztodd@example.org,"7760_Michael_Manors_New_Mikefurt,_MH_24020",557.648.9650
Mr._Brent_Rich,1983-07-24,chungpamela@example.org,"7921_West_Roads_North_Jenniferburgh,_VI_27940",+1-923-244-7856
Sylvia_Aguirre,1949-02-14,stephen39@example.net,"124_David_Spurs_East_Raymond,_TX_49704",630.770.5005x15215
Matthew_Hanson,1950-11-13,mcintyrejames@example.org,"1370_Morris_Knoll_Apt._218_East_Keithfort,_TX_19699",345.308.6677
Joshua_Carroll,2000-01-29,james83@example.org,"807_Stephanie_Harbor_Suite_331_Phillipsborough,_RI_97204",589-466-2198
Linda_Curtis,1982-08-31,conleyalisha@example.org,"892_Farmer_Glen_Port_Larryberg,_AZ_85750",843-448-4668x393
Leah_West,1949-03-17,griffithamy@example.com,"862_Robert_Club_Joycemouth,_IA_01194",+1-633-878-4380
Kayla_Lewis,1977-12-22,juarezashley@example.com,"87327_Gregory_Crossing_East_Rossmouth,_NJ_27613",001-548-377-5210
Denise_Mejia,1947-10-07,zknight@example.net,"72150_David_Track_Ronaldton,_ME_96086",642.351.7030
Mathew_Sanchez,2000-12-23,wheelerjane@example.com,"639_Laura_Harbor_Apt._250_New_Dylanport,_OK_82779",(920)932-3078
Jessica_Harrington,1976-11-16,shelby10@example.com,"6332_Bryan_Row_Nguyenland,_FM_54896",955-741-3112
Kathleen_Cox,1993-07-31,ashleyfrey@example.com,"747_Frye_Coves_North_Reneeshire,_NY_09319",(924)899-9805
Rebecca_Cobb,2000-08-02,michael65@example.com,"8903_Lindsey_Stream_Hernandezborough,_DC_55083",001-815-934-5487x59113
Heather_Sandoval,1991-07-22,garciarobert@example.net,"839_Murray_Plains_Suite_186_New_Jamesland,_NV_64248",001-280-840-3870x3878
Jennifer_Richardson,1982-06-02,marcus21@example.net,"88989_Cruz_Walk_Smithborough,_AZ_99485",591-338-4236x4806
Dr._Brenda_Hansen,1968-02-14,odeleon@example.org,"06731_Natalie_Center_Suite_167_Josephview,_NE_11115",964-808-2447x0637
Angela_Morales,1972-06-16,melinda34@example.com,"445_Tanya_Square_Suite_582_West_Joshua,_WY_19471",675.221.0823x0838
Rita_Trevino,1989-01-06,tiffany05@example.net,"181_Davis_Fall_Suite_332_West_Nathanstad,_AK_63357",710.501.7218x918
Sheena_Molina,1969-01-02,tracey89@example.net,"79833_Carson_Views_New_Michaelberg,_DE_96814",+1-882-535-9950x8800
Allison_Wood,1964-12-05,lorimontgomery@example.org,"11962_Vanessa_Motorway_Suite_861_Watkinsside,_MD_76463",389-939-7800x440
Travis_Hurley_Jr.,1992-02-07,diane38@example.net,"43673_Elizabeth_Islands_North_Daniel,_CA_14968",207.844.7302x061
Gary_Sullivan,2005-03-21,vjones@example.org,"2837_Connie_Mission_Rogerton,_DC_78750",2049211210
Holly_Garza,1969-06-19,mlawrence@example.org,"5244_Davidson_Keys_Suite_654_Lake_Paul,_NY_26302",8797121597
Timothy_Thomas,1955-10-23,xhall@example.com,"9336_Ann_Flats_Apt._823_Vancemouth,_NM_50843",273-510-8761
Christina_Moody,1993-05-22,devingonzalez@example.com,"7077_Amanda_Station_Apt._277_New_Christopherborough,_PW_51247",995-929-8466
Amy_Williams,1977-06-07,jacksonjulia@example.net,"028_Massey_Ports_Apt._139_Allenborough,_HI_43482",+1-432-764-9064x937
Courtney_Phillips,1950-05-25,meltonjames@example.net,"3159_Patrick_Key_Brandonshire,_MT_24991",794-857-3397x0897
Linda_Hicks,1957-03-21,gregg89@example.org,"60339_Cohen_Spurs_Suite_618_New_Ericberg,_CA_08615",(469)387-2394x419
Brandi_Smith,1949-12-26,thomasjames@example.net,"158_Joshua_Cape_Port_Blake,_IA_54417",216.811.3641x61055
Tammy_Harris,1972-01-31,bellis@example.com,"76721_Jennifer_Knolls_Suite_675_Oconnorberg,_KY_86170",496.387.2920x438
Kevin_Pittman,1997-10-04,martinedward@example.net,"195_Christopher_Valleys_Suite_560_Hughesfurt,_PA_22420",001-426-709-8843x7669
Stephanie_Wade_MD,1958-01-06,nancyevans@example.org,"880_Ruben_Underpass_Lake_Christopher,_SC_30920",693.542.0705
Michael_Lam,1975-11-28,halvarez@example.net,"930_Jennifer_Views_Sarahstad,_MA_28898",389-538-3642
Jennifer_Gonzalez,1967-06-28,ashley68@example.org,"761_Joshua_Glens_Riceview,_ND_89218",+1-836-356-4376x8628
Maureen_Steele,1954-01-03,sullivanzachary@example.net,"57105_Dawn_Manors_East_Christy,_IN_74661",678.860.8989x90344
Eric_Reid,1952-07-11,adamramirez@example.org,"876_Robert_Cape_Suite_612_New_John,_OR_61362",7902427181
Andrew_Patterson,1961-11-27,james82@example.org,"PSC_9003,_Box_4236_APO_AA_02680",757-843-5673x032
Patricia_Chambers,1956-11-06,shariallen@example.com,"1756_Robert_Courts_South_Jessefurt,_DC_47757",(974)736-0867x5118
Melissa_Mason,1946-03-25,michaelfrederick@example.com,"2089_Robin_Port_Apt._922_Smithmouth,_TN_58458",(389)574-6280x0168
Stephanie_Vargas,1947-02-13,qgreen@example.org,"5413_Donna_Wells_Suite_737_Tylerfurt,_ID_66852",873.620.4040x86498
Tracy_Herrera,1968-04-02,sheryljackson@example.net,"067_Francis_Trafficway_Suite_142_Derekville,_MI_25738",268.463.8043x75654
William_Russell,1957-03-04,williambeltran@example.org,"654_Young_Lane_Suite_525_Christophertown,_GA_52100",722-356-8764x321
Joan_Hudson,1976-12-19,rebecca19@example.com,"2136_Garcia_Vista_Apt._936_Port_Michaelberg,_DE_27877",854.876.1088x20158
Bethany_Ford,1971-11-04,kleinsharon@example.org,"46525_Richard_Spurs_Alexville,_WA_46007",(774)726-8035
Taylor_Morgan,1958-05-23,elizabethbriggs@example.org,"77375_Ashley_Vista_Lake_Christinashire,_IL_49322",+1-590-733-8693
Allison_Bradshaw,1966-02-03,richard58@example.org,"6919_Douglas_Highway_New_Elizabeth,_GA_58780",941-838-8782
Connie_Santiago,1982-01-29,hunterryan@example.org,"86960_Patricia_Plains_New_Johnburgh,_NJ_46056",(412)239-9681
Dawn_Armstrong,1968-11-24,nancycoleman@example.net,"21666_Garcia_Divide_Suite_359_Kaitlinfort,_KY_70804",(497)829-7668x3730
John_Jenkins,1959-10-26,ashley68@example.org,"4718_Powers_Gateway_Warrenmouth,_LA_32840",+1-841-848-6979x3263
Mallory_Hale,1987-01-02,fgeorge@example.com,"3026_Douglas_Tunnel_Suite_615_Romerotown,_AZ_65035",001-604-679-5312x4723
Michael_Ball,1993-02-09,zjohnson@example.com,"3417_Tonya_Garden_Suite_680_West_Lucas,_KS_05298",445-410-1102
Bruce_Vaughn,1989-01-25,kwhite@example.net,"07625_Anna_Knolls_New_Garretttown,_VT_69518",+1-255-869-5043x300
Ann_Roberts,1998-06-18,nbarrera@example.net,"922_Taylor_Springs_Apt._705_Anthonyshire,_IL_34262",231.753.6529
Robert_Baker,1999-04-16,devin91@example.net,"2532_Caitlin_Squares_Apt._150_Bauermouth,_CO_94236",342-892-8207x15814
George_Friedman,1953-10-10,allenadam@example.com,"42831_Bradley_Pass_Suite_680_East_Daniel,_VA_71114",212.824.9911x157
Vanessa_Oconnor,1960-03-31,castrochristopher@example.net,"18403_Tyler_Keys_Kellyfurt,_DC_23069",3319173223
Erik_Davis,2003-09-17,wilsonchase@example.net,"724_Newton_Loaf_Suite_081_South_Bruce,_SC_85274",(238)263-1150x372
Sherri_Garrison,1987-04-24,marklewis@example.net,"123_White_Islands_Suite_318_New_Brandon,_MA_06107",001-452-220-1039x860
Michael_Lamb,1945-02-15,natalieward@example.net,"7846_Kristi_Common_Suite_788_Johnsonmouth,_ND_19605",(558)426-5016x32520
Allison_Dennis,1953-10-30,wrightjennifer@example.net,"5979_Bryan_Row_Carrollton,_OH_85893",998.292.4013
Erika_Nelson,1992-05-18,nicholas22@example.net,"20305_Christensen_Creek_Suite_256_South_Heather,_FL_24084",+1-797-644-6854x3793
Michelle_Cooper,1995-08-31,foleyzachary@example.net,"82692_Dwayne_Lake_Suite_521_Port_Rachaelberg,_VI_09779",494.624.8832x110
Jay_Hall,1989-04-07,davidstrickland@example.net,"PSC_1825,_Box_2350_APO_AP_77874",001-215-588-3509x0533
Melanie_Bailey,1965-06-30,thomasbecker@example.org,"41007_Craig_Views_Apt._279_Whiteshire,_MS_39307",999-551-3022
Alexander_Clark,1952-12-01,smithjason@example.com,"559_Alexa_Islands_Suite_396_Port_Terri,_ND_50022",(233)353-2657x192
Tammy_Evans,1985-08-03,gbenson@example.net,"PSC_4318,_Box_1928_APO_AA_29947",941.616.0575x47043
Joseph_Nelson,1968-06-09,catherineorr@example.net,"7748_Johnson_Ridges_New_Erikafurt,_FM_72978",+1-842-480-1869x94274
Tara_Taylor,1984-11-10,seanjohnson@example.com,"50815_Michele_Islands_Apt._496_Barbaraville,_NJ_61553",756.610.3026
Matthew_Black,1988-05-07,justincontreras@example.org,"7431_Henry_Walks_New_Maureen,_RI_28558",330-558-7662x16823
Jason_Gibson,1989-01-29,kimberlyrodriguez@example.net,"972_Clarke_Fort_Suite_765_Jamesview,_WY_95009",(907)484-9722x8452
Tiffany_Kelly,1974-04-09,juan13@example.com,USS_Harris_FPO_AP_42160,+1-793-641-2225x4287
Roger_Russell,1959-10-13,tylerharrison@example.org,"28026_Sherri_Run_Suite_324_Rodriguezland,_DC_73568",+1-578-699-3758x166
Christina_Wilson,1965-01-03,marymiller@example.net,"0525_Rebecca_Forge_Fuentesborough,_VT_09360",001-248-797-5282x9368
Anthony_Pennington,1958-07-29,patrick65@example.com,"7944_Laura_Road_Davidsonberg,_PA_53197",384-479-7962x2276
Jessica_Casey,1991-02-27,jeffreyallen@example.net,"1643_Crawford_Key_Goodburgh,_PW_37572",445.334.7255x17448
Robert_Smith,1986-01-14,amanda79@example.net,"8512_Wanda_Walk_Suite_329_New_Kevinberg,_NM_97189",838.541.3746x9930
James_Adams,1992-10-19,ojohnson@example.com,"5308_Eugene_Brooks_Port_Seth,_NM_74485",684.790.5020
Patrick_Carroll,1964-10-09,middletonashley@example.net,"31192_Barker_Flats_Suite_345_New_Stacie,_MP_96187",001-914-989-6375x718
Morgan_Harmon,1998-08-21,medinachristine@example.org,"176_Long_Dale_East_Theresaburgh,_CO_85566",+1-390-740-1613x271
Tamara_Gonzalez,1961-07-17,ucollins@example.org,"4512_Katrina_Plaza_Apt._261_East_Ericfort,_MA_18382",259-930-2853x9422
Timothy_Fisher,1992-06-20,cyoung@example.org,"15281_Robert_Landing_Suite_839_New_Loristad,_GU_29874",(633)363-1926
Andrew_Harris,1952-10-02,danielle44@example.com,"091_Cruz_Wall_Suite_240_Paceville,_WV_66927",755.452.6978
Jordan_Wilson,1951-05-28,deannalevy@example.com,Unit_7979_Box_9366_DPO_AP_22131,717-705-4458x8347
Alejandro_Hughes,1984-05-08,caseyjoseph@example.net,"211_Lucas_Ways_Apt._319_North_Eric,_MS_77328",001-221-363-2291x85341
Kathryn_Crane,1987-06-13,bryan33@example.org,"591_Martin_Greens_North_Masonton,_WY_22807",001-666-239-6159x0572
Lisa_Lynn,1966-10-27,fknapp@example.com,"169_Huber_Village_Moorestad,_NV_10293",+1-425-902-1514x93147
John_Diaz,1975-08-31,tracy43@example.org,"39471_Aaron_Falls_Apt._349_North_Jeffreychester,_SD_25099",761-253-8758x615
Laura_Jensen,1983-12-17,prestonchad@example.org,"9158_Beverly_Turnpike_Suite_665_East_Michelle,_VT_37986",001-801-595-0976x834
Danielle_Martinez,1949-11-18,james75@example.net,"884_Michelle_Pass_Apt._689_Lisastad,_WA_23915",(779)222-7174x564
Brian_Harris,1981-03-25,mcclainbrian@example.org,USCGC_Park_FPO_AP_86718,+1-666-807-0310x087
George_Cannon,1996-10-21,julie33@example.net,"2420_Phillips_Lodge_Apt._930_Roblesfort,_UT_45390",273.564.6701x3875
Denise_Jackson,1993-04-12,davidrose@example.org,"3988_Stevenson_Dam_Apt._496_Taylorfurt,_MH_52377",(270)917-8169x1887
Raymond_Reeves,1945-06-30,mcox@example.net,"68584_Jenkins_Hollow_New_John,_NY_06780",969.621.2206x7209
Robert_Moore,1954-05-18,andersonralph@example.org,"96307_Patricia_Neck_Apt._903_Suzannebury,_TN_45320",+1-305-414-0182
Marcus_Cobb,1947-06-22,justin29@example.com,"23031_Cole_Common_Apt._494_Emilyport,_ME_18717",+1-916-638-2986x460
Michael_Patterson,1985-12-28,perkinsdonald@example.com,"2278_Joshua_Rest_Keithview,_NV_73171",223-399-8738x0475
April_Herring,1995-03-13,jessica05@example.net,"5696_Smith_Causeway_Markton,_IL_83826",+1-247-219-0058x2024
Jennifer_White,1987-11-30,morrisonamy@example.com,"81961_Gregory_Causeway_West_Ashley,_NC_47556",(762)509-4681
David_Williams,1957-11-18,brandongordon@example.org,"289_Allison_Cape_Apt._717_South_Lauren,_SC_36310",+1-346-469-8975
Sheila_Calhoun,2002-10-20,melanievasquez@example.org,"42177_Tyler_Vista_Fisherchester,_MT_68942",430.522.9454x4869
Michelle_Adams,1964-08-04,collinschristopher@example.org,"3160_Jackson_Valleys_Apt._347_West_Kathrynfurt,_PA_27303",(699)244-3746x797
Steven_Sullivan_DDS,1949-06-07,coryhuffman@example.net,Unit_7072_Box_7279_DPO_AE_65090,001-273-899-1651
Robert_Curtis,1974-05-26,beltranteresa@example.net,"511_Matthew_Underpass_Suite_545_North_Judith,_KY_46509",001-504-234-8673
John_Johnson,1955-08-05,heidi98@example.net,"970_Erica_Estates_South_Victoria,_MS_47783",+1-585-561-6776
Kara_Ortega_DDS,2003-10-30,ryan85@example.org,"803_Bates_Pass_Michaelfurt,_KS_02325",2176288906
Christopher_Jackson,1948-12-23,freemanscott@example.org,"8464_Morales_Branch_South_Mariaville,_NH_03170",+1-720-653-3824x3550
Nicole_Turner,2001-07-27,perryjennifer@example.net,"17562_Bowers_Lodge_Suite_643_Gilbertland,_AZ_65254",(475)797-6240x72916
Justin_Barron,1971-04-01,halelogan@example.com,"0356_William_Stream_Brennanton,_HI_47124",001-354-223-3676x0445
Mr._Daniel_Martin_Jr.,2000-05-05,rodriguezjason@example.net,"2839_Greene_Junction_Apt._462_Port_Teresa,_MN_76615",7229128975
Sarah_Martin,1965-01-06,markperez@example.net,"48231_Davis_Turnpike_Jenniferhaven,_FM_26971",+1-908-684-1366
Jeffrey_Powers,1997-03-02,jblack@example.org,"6213_Blake_Street_Suite_155_Baileyburgh,_TX_67402",696.358.3554x1303
Matthew_Wells,1946-11-09,baxterluis@example.net,Unit_0731_Box_7469_DPO_AE_09830,001-314-594-4405x38028
Jeremiah_Sandoval,1958-12-17,crystalchandler@example.org,"3171_Scott_Squares_Suite_613_Lynnmouth,_MN_27840",(973)547-7659x599
Casey_Hernandez,1980-05-12,millermichael@example.org,"57522_Ortega_Stream_Lake_Russell,_NJ_51094",830-941-0311x729
Kimberly_Patterson,1949-08-30,mclaughlinkevin@example.org,"35451_Luis_Club_South_Andrew,_WV_84143",(350)311-5282x37197
Dr._Debra_Davis,2002-04-30,victoriaramirez@example.org,"6155_Hill_Fords_East_Kristinashire,_KS_51954",001-891-557-9055x03385
Mike_Schmidt,1980-06-09,cranelarry@example.org,"2417_Barnes_Manors_Suite_922_New_Leahfort,_MO_20687",248-287-2973x8808
Robert_Sanchez,1943-07-20,michelle66@example.org,"261_Melissa_Passage_North_Rebeccaview,_MO_37089",607-975-9315x3802
Xavier_Johnson,1963-05-08,jennifer45@example.com,"PSC_5497,_Box_2265_APO_AE_83253",+1-382-661-1321
Douglas_Graham,1951-05-04,clarkalexandra@example.com,"4027_Lopez_Causeway_Suite_160_South_Jasonborough,_NH_08759",481.782.3444
Anthony_Lane,1955-10-25,susanacosta@example.net,"47592_Cooper_Islands_Apt._209_Andrewhaven,_CA_23824",331-273-5509
Edward_Palmer,1982-09-14,wongpamela@example.net,"40501_Morgan_Trace_Suite_176_Jessicaview,_DE_52529",(438)242-3623x8288
Julia_Olson,1964-05-31,brianmartin@example.com,"859_Daniel_Squares_Sabrinachester,_UT_22020",(722)370-7943x864
Logan_Thomas,1944-11-10,stephanieporter@example.org,"42125_Mcintosh_Village_Apt._544_Joshuabury,_CT_76986",224.828.7886x5741
